name,calory,protein,fat,carbohydrate,id,category_id
えのきたけ/生,22,2.7,0.2,7.6,1,8
えのきたけ/味付け瓶詰,85,3.6,0.3,16.9,2,8
きくらげ/乾,167,7.9,2.1,71.1,3,8
きくらげ/ゆで,13,0.6,0.2,5.2,4,8
しいたけ/乾しいたけ/乾,182,19.3,3.7,63.4,5,8
しいたけ/乾しいたけ/ゆで,42,3.2,0.5,16.7,6,8
ぶなしめじ/生,17,2.7,0.5,4.8,7,8
ほんしめじ/生,12,2.5,0.4,2.8,8,8
なめこ/生,15,1.8,0.2,5.4,9,8
なめこ/水煮缶詰,9,1,0.1,3.2,10,8
うすひらたけ/生,23,6.1,0.2,4.8,11,8
エリンギ/生,19,2.8,0.4,6,12,8
ひらたけ/生,20,3.3,0.3,6.2,13,8
まいたけ/生,15,2,0.5,4.4,14,8
マッシュルーム/生,11,2.9,0.3,2.1,15,8
マッシュルーム/水煮缶詰,14,3.4,0.2,3.3,16,8
まつたけ/生,23,2,0.6,8.2,17,8
やなぎまつたけ/生,13,2.4,0.1,4,18,8
しいたけ　生しいたけ　菌床栽培　生,20,3.1,0.3,6.4,19,8
しいたけ/生しいたけ/原木栽培、生,23,3.1,0.4,7.6,20,8
生乳/ジャージー種,82,3.9,5.2,4.7,21,13
生乳/ホルスタイン種,66,3.2,3.7,4.7,22,13
普通牛乳,67,3.3,3.8,4.8,23,13
脱脂乳,34,3.4,0.1,4.8,24,13
全粉乳,500,25.5,26.2,39.3,25,13
脱脂粉乳,359,34,1,53.3,26,13
乳児用調製粉乳,514,12.4,26.8,55.9,27,13
加糖練乳,332,7.7,8.5,56,28,13
クリーム　乳脂肪,412,1.9,43,2.7,29,13
クリーム　植物性脂肪,370,1.3,39.5,2.5,30,13
ホイップクリーム/乳脂肪・植物性脂肪,416,4,38.4,12.9,31,13
ヨーグルト/全脂無糖,62,3.6,3,4.9,32,13
ヨーグルト/脱脂加糖,67,4.3,0.2,11.9,33,13
ヨーグルト/ドリンクタイプ/加糖,65,2.9,0.5,12.2,34,13
乳酸菌飲料/乳製品,71,1.1,0.1,16.4,35,13
ナチュラルチーズ/エダム,356,28.9,25,1.4,36,13
ナチュラルチーズ/エメンタール,429,27.3,33.6,1.6,37,13
ナチュラルチーズ/カテージ,105,13.3,4.5,1.9,38,13
ナチュラルチーズ/カマンベール,310,19.1,24.7,0.9,39,13
ナチュラルチーズ/クリーム,346,8.2,33,2.3,40,13
ナチュラルチーズ/ゴーダ,380,25.8,29,1.4,41,13
ナチュラルチーズ/チェダー,423,25.7,33.8,1.4,42,13
ナチュラルチーズ/パルメザン,475,44,30.8,1.9,43,13
ナチュラルチーズ/ブルー,349,18.8,29,1,44,13
プロセスチーズ,339,22.7,26,1.3,45,13
チーズスプレッド,305,15.9,25.7,0.6,46,13
アイスクリーム類/アイスクリーム/普通脂肪,180,3.9,8,23.2,47,13
アイスクリーム類/アイスミルク,167,3.4,6.4,23.9,48,13
アイスクリーム類/ラクトアイス/普通脂肪,224,3.1,13.6,22.2,49,13
アイスクリーム類/ソフトクリーム,146,3.8,5.6,20.1,50,13
うこっけい卵/全卵、生,176,12,13,0.4,51,13
うずら卵/全卵、生,179,12.6,13.1,0.3,52,13
うずら卵/水煮缶詰,182,11,14.1,0.6,53,13
鶏卵　全卵　生,151,12.3,10.3,0.3,54,12
鶏卵　全卵　ゆで,151,12.9,10,0.3,55,12
鶏卵/全卵/ポーチドエッグ,164,12.3,11.7,0.2,56,12
鶏卵/全卵/水煮缶詰,146,10.8,10.6,0,57,12
鶏卵/全卵/加糖全卵,217,9.8,10.6,20.7,58,12
鶏卵/全卵/乾燥全卵,608,49.1,42,0.2,59,12
鶏卵　卵黄　生,387,16.5,33.5,0.1,60,12
鶏卵　卵黄　ゆで,386,16.7,33.3,0.2,61,12
鶏卵/卵黄/加糖卵黄,346,12.1,23.9,20.7,62,12
鶏卵/卵黄/乾燥卵黄,724,30.3,62.9,0.2,63,12
鶏卵　卵白　生,47,10.5,0,0.4,64,12
鶏卵　卵白　ゆで,50,11.3,0.1,0.4,65,12
鶏卵/卵白/乾燥卵白,378,86.5,0.4,0.2,66,12
鶏卵/たまご豆腐,79,6.4,5,2,67,12
鶏卵/たまご焼/厚焼きたまご,151,10.8,9.1,6.4,68,12
鶏卵/たまご焼/だし巻きたまご,128,11.2,9,0.5,69,12
あひる卵/ピータン,214,13.7,16.5,0,70,12
鶏卵/全卵/目玉焼き,219,14.8,17.6,0.3,71,12
清酒/普通酒,109,0.4,0,4.9,72,15
清酒/純米酒,103,0.4,0,3.6,73,15
清酒/本醸造酒,107,0.4,0,4.5,74,15
清酒/吟醸酒,104,0.3,0,3.6,75,15
清酒/純米吟醸酒,103,0.4,0,4.1,76,15
ビール/淡色,40,0.3,0,3.1,77,15
ビール/黒,46,0.4,0,3.6,78,15
ビール/スタウト,63,0.5,0,4.9,79,15
発泡酒,45,0.1,0,3.6,80,15
ぶどう酒/白,73,0.1,0,2,81,15
ぶどう酒/赤,73,0.2,0,1.5,82,15
ぶどう酒/ロゼ,77,0.1,0,4,83,15
紹興酒,127,1.7,0,5.1,84,15
しょうちゅう/連続式蒸留しょうちゅう,206,0,0,0,85,15
しょうちゅう/単式蒸留しょうちゅう,146,0,0,0,86,15
ウイスキー,237,0,0,0,87,15
ブランデー,237,0,0,0,88,15
ウオッカ,240,0,0,0,89,15
ジン,284,0,0,0.1,90,15
ラム,240,0,0,0.1,91,15
マオタイ酒,322,0,0,0,92,15
梅酒,156,0.1,0,20.7,93,15
合成清酒,109,0.1,0,5.3,94,15
白酒,238,1.9,0,48.1,95,15
みりん/本みりん,241,0.3,0,43.2,96,15
みりん/本直し,181,0.1,0,14.4,97,15
薬味酒,182,0,0,26.8,98,15
キュラソー,322,0,0,26.4,99,15
スイートワイン,133,0.1,0,13.4,100,15
ペパーミント,302,0,0,37.6,101,15
ベルモット/甘口タイプ,152,0.1,0,16.4,102,15
ベルモット/辛口タイプ,117,0.1,0,3.7,103,15
玉露/茶,329,29.1,4.1,43.9,104,15
玉露/浸出液,5,1.3,0,0,105,15
抹茶,324,29.6,5.3,39.5,106,15
せん茶/茶,331,24.5,4.7,47.7,107,15
せん茶/浸出液,2,0.2,0,0.2,108,15
かまいり茶/浸出液,0,0.1,0,0,109,15
番茶/浸出液,0,0,0,0.1,110,15
ほうじ茶/浸出液,0,0,0,0.1,111,15
玄米茶/浸出液,0,0,0,0,112,15
ウーロン茶/浸出液,0,0,0,0.1,113,15
紅茶/茶,311,20.3,2.5,51.7,114,15
紅茶/浸出液,1,0.1,0,0.1,115,15
コーヒー/浸出液,4,0.2,0,0.7,116,15
コーヒー/インスタントコーヒー,288,14.7,0.3,56.5,117,15
コーヒー/コーヒー飲料/乳成分入り/加糖/,38,0.7,0.3,8.2,118,15
ココア/ピュアココア,271,18.5,21.6,42.4,119,15
ココア/ミルクココア,412,7.4,6.8,80.4,120,15
甘酒,81,1.7,0.1,18.3,121,15
昆布茶,95,5.2,0.2,42,122,15
果実色飲料,51,0,0,12.8,123,15
コーラ,46,0.1,0,11.4,124,15
サイダー,41,0,0,10.2,125,15
麦茶/浸出液,1,0,0,0.3,126,15
青汁/ケール,375,13.8,4.4,70.2,127,15
スポーツドリンク,21,0,0,5.1,128,15
ビール風味炭酸飲料,5,0.1,0,1.2,129,15
あけび/果肉、生,82,0.5,0.1,22,130,15
アセロラ/酸味種、生,36,0.7,0.1,9,131,15
アセロラ/10%果汁入り飲料,42,0.1,0,10.5,132,15
アボカド/生,187,2.5,18.7,6.2,133,7
あんず/生,36,1,0.3,8.5,134,7
あんず/缶詰,81,0.5,0.4,18.9,135,7
あんず/ジャム/高糖度,262,0.3,0.1,64.9,136,7
いちご/生,34,0.9,0.1,8.5,137,7
いちご/ジャム/高糖度,256,0.4,0.1,63.3,138,7
いちじく/生,54,0.6,0.1,14.3,139,7
いちじく/缶詰,81,0.5,0.1,19.4,140,7
いよかん/砂じょう、生,46,0.9,0.1,11.8,141,7
うめ/生,28,0.7,0.5,7.9,142,7
うめ　梅干し　塩漬,30,0.9,0.7,8.6,143,7
うんしゅうみかん/じょうのう/普通、生,46,0.7,0.1,12,144,7
うんしゅうみかん/砂じょう/普通、生,45,0.7,0.1,11.5,145,7
うんしゅうみかん/果実飲料/ストレートジュース,41,0.5,0.1,10.6,146,7
うんしゅうみかん/缶詰/果肉,64,0.5,0.1,15.3,147,7
オリーブ/塩漬/グリーンオリーブ,145,1,15,4.5,148,7
オリーブ/塩漬/ブラックオリーブ,118,0.8,12.3,3.4,149,7
オレンジ/ネーブル/砂じょう、生,46,0.9,0.1,11.8,150,7
オレンジ/バレンシア/米国産/砂じょう、生,39,1,0.1,9.8,151,7
かき/甘がき、生,60,0.4,0.2,15.9,152,7
かき/渋抜きがき、生,63,0.5,0.1,16.9,153,7
かき/干しがき,276,1.5,1.7,71.3,154,7
かぼす/果汁、生,25,0.4,0.1,8.5,155,7
キウイフルーツ/緑肉種、生,53,1,0.1,13.5,156,7
グァバ/赤肉種、生,38,0.6,0.1,9.9,157,7
ぐみ/生,68,1.3,0.2,17.2,158,7
グレープフルーツ/白肉種/砂じょう、生,38,0.9,0.1,9.6,159,7
スターフルーツ/生,30,0.7,0.1,7.5,160,7
さくらんぼ/国産、生,60,1,0.2,15.2,161,7
さくらんぼ/米国産、生,66,1.2,0.1,17.1,162,7
さくらんぼ/米国産/缶詰,74,0.6,0.1,17.6,163,7
ざくろ/生,56,0.2,0,15.5,164,7
シークヮーサー/果汁、生,25,0.8,0.1,7.9,165,7
すだち/果皮、生,68,1.8,0.3,16.4,166,7
すだち/果汁、生,20,0.5,0.1,6.6,167,7
にほんすもも/生,44,0.6,1,9.4,168,7
プルーン/生,49,0.7,0.1,12.6,169,7
プルーン/乾,235,2.5,0.2,62.4,170,7
だいだい/果汁、生,24,0.3,0.2,8,171,7
ドリアン/生,133,2.3,3.3,27.1,172,7
日本なし/生,43,0.3,0.1,11.3,173,7
西洋なし/生,54,0.3,0.1,14.4,174,7
なつみかん/砂じょう、生,40,0.9,0.1,10,175,7
なつめ/乾,287,3.9,2,71.4,176,7
なつめやし/乾,266,2.2,0.2,71.3,177,7
パインアップル/生,53,0.6,0.1,13.7,178,7
パインアップル/缶詰,84,0.4,0.1,20.3,179,7
パインアップル/砂糖漬,351,0.5,0.2,86.8,180,7
ハスカップ/生,53,0.7,0.6,12.8,181,7
パッションフルーツ/果汁、生,64,0.8,0.4,16.2,182,7
バナナ/生,86,1.1,0.2,22.5,183,7
パパイア/完熟、生,38,0.5,0.2,9.5,184,7
パパイア/未熟、生,39,1.3,0.1,9.4,185,7
ドラゴンフルーツ/生,50,1.4,0.3,11.8,186,7
びわ/生,40,0.3,0.1,10.6,187,7
ぶどう/生,59,0.4,0.1,15.7,188,7
ぶどう/干しぶどう,300,2.7,0.2,80.3,189,7
ぶどう/ジャム,193,0.5,0.1,47.5,190,7
ブルーベリー/生,49,0.5,0.1,12.9,191,7
ブルーベリー/ジャム,181,0.7,0.3,43.8,192,7
ぶんたん/砂じょう、生,38,0.7,0.1,9.8,193,7
ぽんかん/砂じょう、生,40,0.9,0.1,9.9,194,7
マンゴー/生,64,0.6,0.1,16.9,195,7
メロン/温室メロン/生,42,1.1,0.1,10.3,196,7
もも/生,40,0.6,0.1,10.2,197,7
もも/缶詰/白肉種/果肉,85,0.5,0.1,20.6,198,7
ネクタリン/生,43,0.7,0.3,10.7,199,7
ゆず/果皮、生,59,1.2,0.5,14.2,200,7
ゆず/果汁、生,21,0.5,0.1,7,201,7
ライチー/生,63,1,0.1,16.4,202,7
ライム/果汁、生,27,0.4,0.1,9.3,203,7
ラズベリー/生,41,1.1,0.1,10.2,204,7
りんご/皮むき、生,57,0.1,0.2,15.5,205,7
りんご/缶詰,83,0.3,0.1,20.1,206,7
りんご/ジャム,213,0.2,0.1,52.7,207,7
レモン/全果、生,54,0.9,0.7,12.5,208,7
レモン/果汁、生,26,0.4,0.2,8.6,209,7
ココナッツ/ココナッツミルク,150,1.9,16,2.8,210,7
オレンジ/福原オレンジ/砂じょう、生,39,1,0.1,9.8,211,7
キウイフルーツ/黄肉種、生,59,1.1,0.2,14.9,212,7
ココナッツ/ナタデココ,73,0,0,20.2,213,7
すいか/黄肉種、生,37,0.6,0.1,9.5,214,7
マンゴー/ドライマンゴー,321,3.1,0.7,84.9,215,14
オリーブ油,921,0,100,0,216,14
ごま油,921,0,100,0,217,14
米ぬか油,921,0,100,0,218,14
サフラワー油/ハイオレイック,921,0,100,0,219,14
大豆油,921,0,100,0,220,14
調合油,921,0,100,0,221,14
とうもろこし油,921,0,100,0,222,14
なたね油,921,0,100,0,223,14
パーム油,921,0,100,0,224,14
パーム核油,921,0,100,0,225,14
ひまわり油/ハイリノール,921,0,100,0,226,14
綿実油,921,0,100,0,227,14
やし油,921,0,100,0,228,14
落花生油,921,0,100,0,229,14
牛脂,940,0.2,99.8,0,230,14
ラード,941,0,100,0,231,14
有塩バター,745,0.6,81,0.2,232,14
食塩不使用バター,763,0.5,83,0.2,233,14
発酵バター,752,0.6,80,4.4,234,14
ソフトタイプマーガリン/家庭用,769,0.4,83.1,0.5,235,14
ファットスプレッド,637,0.2,69.1,0,236,14
ショートニング/家庭用,920,0,99.9,0,237,14
あまに油,921,0,100,0,238,14
えごま油,921,0,100,0,239,14
黒砂糖,356,1.7,0,90.3,240,3
和三盆糖,384,0.2,0,99,241,3
上白糖,384,0,0,99.3,242,3
三温糖,383,0,0,99,243,3
グラニュー糖,387,0,0,100,244,3
角砂糖,387,0,0,100,245,3
氷砂糖,387,0,0,100,246,3
コーヒーシュガー,387,0.1,0,99.9,247,3
氷糖みつ,265,0.2,0,68.2,248,3
果糖,368,0,0,99.9,249,3
はちみつ,303,0.3,0,81.9,250,3
メープルシロップ,257,0.1,0,66.3,251,3
水あめ/酵素糖化,328,0,0,85,252,3
黒蜜,199,1,0,50.5,253,3
アーモンド/乾,587,19.6,51.8,20.9,254,5
えごま/乾,544,17.7,43.4,29.4,255,5
カシューナッツ/フライ、味付け,576,19.8,47.6,26.7,256,5
かぼちゃ/いり、味付け,575,26.5,51.8,12,257,5
ぎんなん/生,171,4.7,1.6,34.8,258,5
日本ぐり/生,164,2.8,0.5,36.9,259,5
日本ぐり/ゆで,167,3.5,0.6,36.7,260,5
日本ぐり/甘露煮,238,1.8,0.4,56.8,261,5
くるみ/いり,674,14.6,68.8,11.7,262,5
ココナッツ/ココナッツパウダー,668,6.1,65.8,23.7,263,5
ごま/乾,586,19.8,53.8,16.5,264,5
ごま/いり,599,20.3,54.2,18.5,265,5
ピスタチオ/いり、味付け,615,17.4,56.1,20.9,266,5
ひまわり/フライ、味付け,611,20.1,56.3,17.2,267,5
ヘーゼルナッツ/フライ、味付け,684,13.6,69.3,13.9,268,5
マカダミアナッツ/いり、味付け,720,8.3,76.7,12.2,269,5
まつ/生,669,15.8,68.2,10.6,270,5
まつ/いり,690,14.6,72.5,8.1,271,5
らっかせい/乾、大粒種,560,25.2,47,19.4,272,5
らっかせい/いり、大粒種,588,25,49.6,21.3,273,5
らっかせい/バターピーナッツ,601,23.3,53.2,18.3,274,5
らっかせい/ピーナッツバター,636,20.6,50.4,24.9,275,5
ひまわり/乾,,,,,276,5
ヘーゼルナッツ/いり,,,,,277,5
アーモンド/いり、無塩,608,20.3,54.1,20.7,278,5
ごま/ねり,640,19,61,15.6,279,5
チアシード/乾,494,20,33.9,34.5,280,5
アマランサス/玄穀,358,12.7,6,64.9,281,5
あわ/精白粒,367,11.2,4.4,69.7,282,1
小麦粉/薄力粉/1等,367,8.3,1.5,75.8,283,1
小麦粉/中力粉/1等,367,9,1.6,75.1,284,1
小麦粉/強力粉/1等,365,11.8,1.5,71.7,285,1
小麦粉/ホットケーキ用,365,7.8,4,74.4,286,1
小麦粉/天ぷら用,351,8.8,1.3,76.1,287,1
食パン,260,8.9,4.1,46.4,288,1
コッペパン,265,8.5,3.8,49.1,289,1
フランスパン,279,9.4,1.3,57.5,290,1
ライ麦パン,264,8.4,2.2,52.7,291,1
ぶどうパン,269,8.2,3.5,51.1,292,1
ロールパン,316,10.1,9,48.6,293,1
クロワッサン,448,7.9,26.8,43.9,294,1
イングリッシュマフィン,228,8.1,3.6,40.8,295,1
ナン,262,10.3,3.4,47.6,296,1
うどん/生,270,6.1,0.6,56.8,297,1
干しうどん/乾,348,8.5,1.1,71.9,298,1
そうめん・ひやむぎ/乾,356,9.5,1.1,72.7,299,1
中華めん/生,281,8.6,1.2,55.7,300,1
蒸し中華めん,198,5.3,1.7,38.4,301,1
沖縄そば/生,284,9.2,2,54.2,302,1
干し沖縄そば/乾,351,12,1.7,67.8,303,1
マカロニ・スパゲッティ/乾,378,12.9,1.8,73.1,304,1
生ふ,163,12.7,0.8,26.2,305,1
焼きふ/車ふ,387,30.2,3.4,54.2,306,1
ちくわぶ,171,7.1,1.2,31.1,307,1
ぎょうざの皮,291,9.3,1.4,57,308,1
しゅうまいの皮,295,8.3,1.4,58.9,309,1
ピザ生地,268,9.1,3,51.1,310,1
パン粉/生,280,11,5.1,47.6,311,1
パン粉/半生,319,12.5,5.8,54.3,312,1
パン粉/乾燥,373,14.6,6.8,63.4,313,1
玄米,353,6.8,2.7,74.3,314,1
うるち米,358,6.1,0.9,77.6,315,1
うるち米,168,2.5,0.3,37.1,316,1
きりたんぽ,210,3.2,0.4,46.2,317,1
上新粉,362,6.2,0.9,78.5,318,1
もち,234,4,0.6,50.8,319,1
赤飯,190,4.3,0.6,41.9,320,1
白玉粉,369,6.3,1,80,321,1
道明寺粉,372,7.1,0.7,80.4,322,1
そば/そば/生,274,9.8,1.9,54.5,323,1
そば/干しそば/乾,344,14,2.3,66.7,324,1
とうもろこし/玄穀/黄色種,350,8.6,5,70.6,325,1
とうもろこし/コーンフレーク,381,7.8,1.7,83.6,326,1
はとむぎ/精白粒,360,13.3,1.3,72.2,327,1
ひえ/精白粒,366,9.4,3.3,73.2,328,1
ライむぎ/全粒粉,334,12.7,2.7,70.7,329,1
ライむぎ/ライ麦粉,351,8.5,1.6,75.8,330,1
小麦粉/お好み焼き用,352,10.1,1.9,73.6,331,1
小麦粉/から揚げ用,331,10.2,1.2,70,332,1
ベーグル,275,9.6,2,54.6,333,1
生パスタ/生,247,7.8,1.9,46.9,334,1
米粉,374,6,0.7,81.9,335,1
米粉パン,255,3.4,3.1,51.3,336,1
米粉めん,265,3.6,0.7,58.4,337,1
マカロニ・スパゲッティ、ソテー,195,5.5,5.6,30.6,338,1
牛/かた/脂身つき　生,260,17.1,19.8,0.3,339,11
牛/かた/皮下脂肪なし、生,217,17.9,14.9,0.4,340,11
牛/かた/赤肉　生,151,20.4,6.7,0.4,341,11
牛/かた/脂身、生,709,4.5,73.3,0,342,11
牛/かたロース/脂身つき、生,318,16.2,26.4,0.2,343,11
牛/かたロース/皮下脂肪なし、生,308,16.5,25.2,0.2,344,11
牛/かたロース/赤肉、生,212,19.1,13.9,0.2,345,11
牛/リブロース/脂身つき、生,409,14.1,37.1,0.2,346,11
牛/リブロース/脂身つき、焼き,511,20.4,45,0.3,347,11
牛/リブロース/脂身つき、ゆで,478,17.2,43,0.3,348,11
牛/リブロース/皮下脂肪なし、生,378,15,33.4,0.2,349,11
牛/リブロース/赤肉、生,248,18.8,17.8,0.3,350,11
牛/リブロース/脂身、生,773,3.7,80.5,0,351,11
牛/サーロイン/脂身つき、生,334,16.5,27.9,0.4,352,11
牛/サーロイン/皮下脂肪なし、生,270,18.4,20.2,0.5,353,11
牛/サーロイン/赤肉、生,177,21.1,9.1,0.6,354,11
牛/ばら/脂身つき、生,426,12.8,39.4,0.3,355,11
牛/もも/脂身つき、生,209,19.5,13.3,0.4,356,11
牛/もも/皮下脂肪なし、生,181,20.5,9.9,0.4,357,11
牛/もも/皮下脂肪なし、焼き,245,28,13.2,0.6,358,11
牛/もも/皮下脂肪なし、ゆで,252,28.4,13.8,0.6,359,11
牛/もも/赤肉、生,140,21.9,4.9,0.4,360,11
牛/もも/脂身、生,626,5.1,64.1,0.2,361,11
牛/そともも/脂身つき、生,233,18.2,16.3,0.6,362,11
牛/そともも/皮下脂肪なし、生,190,19.6,11.1,0.6,363,11
牛/そともも/赤肉、生,140,21.3,5,0.7,364,11
牛/ランプ/脂身つき、生,248,18.6,17.8,0.6,365,11
牛/ランプ/皮下脂肪なし、生,216,19.7,13.9,0.6,366,11
牛/ランプ/赤肉、生,153,22,6.1,0.7,367,11
牛/ヒレ/赤肉、生,195,20.8,11.2,0.5,368,11
牛/輸入牛肉/かた/脂身つき、生,180,19,10.6,0.1,369,11
牛/輸入牛肉/かた/皮下脂肪なし、生,157,19.6,7.8,0.1,370,11
牛/輸入牛肉/かた/赤肉、生,130,20.4,4.6,0.1,371,11
牛/輸入牛肉/かた/脂身、生,599,7.1,60.5,0,372,11
牛/輸入牛肉/かたロース/脂身つき、生,240,17.9,17.4,0.1,373,11
牛/輸入牛肉/かたロース/皮下脂肪なし、生,237,18,17.1,0.1,374,11
牛/輸入牛肉/かたロース/赤肉、生,173,19.7,9.5,0.1,375,11
牛/輸入牛肉/リブロース/脂身つき、生,231,20.1,15.4,0.4,376,11
牛/輸入牛肉/リブロース/皮下脂肪なし、生,223,20.3,14.4,0.4,377,11
牛/輸入牛肉/リブロース/赤肉、生,179,21.7,9.1,0.4,378,11
牛/輸入牛肉/リブロース/脂身、生,712,5.7,73.1,0.1,379,11
牛/輸入牛肉/サーロイン/脂身つき、生,298,17.4,23.7,0.4,380,11
牛/輸入牛肉/サーロイン/皮下脂肪なし、生,238,19.1,16.5,0.4,381,11
牛/輸入牛肉/サーロイン/赤肉、生,136,22,4.4,0.5,382,11
牛/輸入牛肉/ばら/脂身つき、生,371,14.4,32.9,0.2,383,11
牛/輸入牛肉/もも/脂身つき、生,165,19.6,8.6,0.4,384,11
牛/輸入牛肉/もも/皮下脂肪なし、生,149,20,6.7,0.4,385,11
牛/輸入牛肉/もも/赤肉、生,132,21.2,4.3,0.4,386,11
牛/輸入牛肉/もも/脂身、生,633,6.3,64.4,0.2,387,11
牛/輸入牛肉/そともも/脂身つき、生,215,18.7,14.3,0.3,388,11
牛/輸入牛肉/そともも/皮下脂肪なし、生,195,19.3,11.9,0.3,389,11
牛/輸入牛肉/そともも/赤肉、生,127,21.2,3.9,0.3,390,11
牛/輸入牛肉/ランプ/脂身つき、生,234,18.4,16.4,0.4,391,11
牛/輸入牛肉/ランプ/皮下脂肪なし、生,190,19.7,11.1,0.5,392,11
牛/輸入牛肉/ランプ/赤肉、生,121,21.6,3,0.5,393,11
牛/輸入牛肉/ヒレ/赤肉、生,133,20.5,4.8,0.3,394,11
牛/子牛肉/リブロース/皮下脂肪なし、生,101,21.7,0.9,0.3,395,11
牛/子牛肉/ばら/皮下脂肪なし、生,122,20.9,3.6,0,396,11
牛/子牛肉/もも/皮下脂肪なし、生,116,21.2,2.7,0.2,397,11
牛/ひき肉/生,272,17.1,21.1,0.3,398,11
牛/舌/生,356,13.3,31.8,0.2,399,11
牛/心臓/生,142,16.5,7.6,0.1,400,11
牛/肝臓/生,132,19.6,3.7,3.7,401,11
牛/じん臓/生,131,16.7,6.4,0.2,402,11
牛/第一胃/ゆで,182,24.5,8.4,0,403,11
牛/第二胃/ゆで,200,12.4,15.7,0,404,11
牛/第三胃/生,62,11.7,1.3,0,405,11
牛/第四胃/ゆで,329,11.1,30,0,406,11
牛/小腸/生,287,9.9,26.1,0,407,11
牛/大腸/生,162,9.3,13,0,408,11
牛/直腸/生,115,11.6,7,0,409,11
牛/腱/ゆで,155,28.3,4.9,0,410,11
牛/子宮/ゆで,106,18.4,3,0,411,11
牛/尾/生,492,11.6,47.1,0,412,11
ローストビーフ,196,21.7,11.7,0.9,413,11
牛/コンビーフ缶詰,203,19.8,13,1.7,414,11
牛/味付け缶詰,156,19.2,4.4,9.9,415,11
牛/ビーフジャーキー,315,54.8,7.8,6.4,416,11
牛/スモークタン,283,18.1,23,0.9,417,11
うま/肉、赤肉、生,110,20.1,2.5,0.3,418,11
くじら/肉、赤肉、生,106,24.1,0.4,0.2,419,11
くじら/うねす、生,376,18.8,31.4,0.2,420,11
くじら/本皮、生,689,9.7,68.8,0.2,421,11
くじら/さらしくじら,31,5.3,0.9,0,422,11
しか/あかしか/赤肉/生,110,22.3,1.5,0.5,423,11
ぶた/かた/脂身つき、生,239,18.3,17.2,0,424,11
ぶた/かた/皮下脂肪なし、生,185,19.7,10.8,0,425,11
ぶた/かた/赤肉、生,123,21.4,3.5,0,426,11
ぶた/かた/脂身、生,733,4.9,75.7,0,427,11
ぶた/かたロース/脂身つき、生,256,17.7,19.3,0,428,11
ぶた/かたロース/皮下脂肪なし、生,226,18.5,15.7,0,429,11
ぶた/かたロース/赤肉、生,151,20.6,6.8,0,430,11
ぶた/かたロース/脂身、生,699,5.4,71.9,0,431,11
ぶた/ロース/脂身つき、生,291,18.3,22.6,0.2,432,11
ぶた/ロース/皮下脂肪なし、生,216,20.6,13.6,0.2,433,11
ぶた/ロース/赤肉、生,141,22.9,4.6,0.2,434,11
ぶた/ロース/脂身、生,754,4.1,78.3,0,435,11
ぶた/ばら/脂身つき、生,434,13.4,40.1,0,436,11
ぶた/もも/脂身つき、生,225,19.5,15.1,0.2,437,11
ぶた/もも/皮下脂肪なし、生,164,21.3,7.8,0.2,438,11
ぶた/もも/赤肉、生,143,21.9,5.3,0.2,439,11
ぶた/もも/脂身、生,716,5.2,73.8,0,440,11
ぶた/そともも/脂身つき、生,268,18,20.3,0.2,441,11
ぶた/そともも/皮下脂肪なし、生,169,21,8.5,0.2,442,11
ぶた/そともも/赤肉、生,138,21.9,4.8,0.2,443,11
ぶた/そともも/脂身、生,703,4.9,72.5,0,444,11
ぶた/ヒレ/赤肉、生,112,22.7,1.7,0.1,445,11
ぶた/ひき肉/生,236,17.7,17.2,0.1,446,11
ぶた/舌/生,221,15.9,16.3,0.1,447,11
ぶた/心臓/生,135,16.2,7,0.1,448,11
ぶた/肝臓/生,128,20.4,3.4,2.5,449,11
ぶた/じん臓/生,114,14.1,5.8,0,450,11
ぶた/胃/ゆで,121,17.4,5.1,0,451,11
ぶた/小腸/ゆで,171,14,11.9,0,452,11
ぶた/大腸/ゆで,179,11.7,13.8,0,453,11
ぶた/子宮/生,70,14.6,0.9,0,454,11
ぶた/豚足/ゆで,230,20.1,16.8,0,455,11
ぶた/軟骨/ゆで,231,17.8,17.9,0,456,11
骨付きハム,219,16.7,16.6,0.8,457,11
ボンレスハム,118,18.7,4,1.8,458,11
ロースハム,212,18.6,14.5,2,459,11
ベーコン,405,12.9,39.1,0.3,460,11
ウインナーソーセージ,331,11.5,30.6,2.3,461,11
焼き豚,172,19.4,8.2,5.1,462,11
レバーペースト,378,12.9,34.7,3.6,463,11
マトン/ロース/脂身つき、生,225,19.8,15,0.2,464,11
マトン/もも/脂身つき、生,224,18.8,15.3,0.1,465,11
ラム/かた/脂身つき、生,233,17.1,17.1,0.1,466,11
ラム/ロース/脂身つき、生,310,15.6,25.9,0.2,467,11
ラム/もも/脂身つき、生,198,20,12,0.3,468,11
やぎ/肉、赤肉、生,107,21.9,1.5,0.2,469,11
かも/あいがも/肉、皮つき、生,333,14.2,29,0.1,470,11
かも/あひる/肉、皮つき、生,250,14.9,19.8,0.1,471,11
うずら/肉、皮つき、生,208,20.5,12.9,0.1,472,11
かも/まがも/肉、皮なし、生,128,23.6,3,0.1,473,11
きじ/肉、皮なし、生,108,23,1.1,0.1,474,11
しちめんちょう/肉、皮なし、生,106,23.5,0.7,0.1,475,11
にわとり/手羽/皮つき、生,210,17.8,14.3,0,476,11
にわとり/むね/皮つき、生,145,21.3,5.9,0.1,477,11
にわとり/むね/皮なし、生,116,23.3,1.9,0.1,478,11
にわとり/もも/皮つき、生,204,16.6,14.2,0,479,11
にわとり/もも/皮つき、焼き,241,26.3,13.9,0,480,11
にわとり/もも/皮つき、ゆで,237,22.3,15.2,0,481,11
にわとり/もも/皮なし、生,127,19,5,0,482,11
にわとり/もも/皮なし、焼き,161,25.5,5.7,0,483,11
にわとり/もも/皮なし、ゆで,155,25.1,5.2,0,484,11
にわとり/ささ身/生,109,23.9,0.8,0.1,485,11
にわとり/ひき肉/生,186,17.5,12,0,486,11
にわとり/心臓/生,207,14.5,15.5,0,487,11
にわとり/肝臓/生,111,18.9,3.1,0.6,488,11
にわとり/筋胃/生,94,18.3,1.8,0,489,11
にわとり/皮/むね、生,492,9.4,48.1,0,490,11
にわとり/皮/もも、生,513,6.6,51.6,0,491,11
にわとり/軟骨/生,54,12.5,0.4,0.4,492,11
きくいも/塊茎、生,35,1.9,0.4,14.7,493,2
こんにゃく/板こんにゃく/精粉こんにゃく,5,0.1,0,2.3,494,2
こんにゃく/しらたき,6,0.2,0,3,495,2
さつまいも類/さつまいも/塊根、皮むき、生,134,1.2,0.2,31.9,496,2
さといも/球茎、生,58,1.5,0.1,13.1,497,2
みずいも/球茎、生,117,0.7,0.4,27.6,498,2
やつがしら/球茎、生,97,3,0.7,20.5,499,2
じゃがいも/塊茎、生,76,1.8,0.1,17.3,500,2
じゃがいも/フライドポテト,237,2.9,10.6,32.4,501,2
ながいも/いちょういも/塊根、生,108,4.5,0.5,22.6,502,2
ながいも/ながいも/塊根、生,65,2.2,0.3,13.9,503,2
じねんじょ/塊根、生,121,2.8,0.7,26.7,504,2
キャッサバでん粉,346,0.1,0.2,85.3,505,2
くずでん粉,347,0.2,0.2,85.6,506,2
米でん粉,366,0.2,0.7,89.3,507,2
小麦でん粉,351,0.2,0.5,86,508,2
じゃがいもでん粉,330,0.1,0.1,81.6,509,2
とうもろこしでん粉,354,0.1,0.7,86.3,510,2
くずきり/乾,356,0.2,0.2,87.7,511,2
タピオカパール/乾,355,0,0.2,87.8,512,2
はるさめ/普通はるさめ/乾,350,0,0.2,86.6,513,2
きくいも/塊茎、水煮,28,1.6,0.5,11.3,514,2
こんにゃく/赤こんにゃく,5,0.1,0,2.5,515,2
こんにゃく/凍みこんにゃく、乾,167,3.3,1.4,77.1,516,2
さつまいも類/さつまいも/塊根、皮つき、生,140,0.9,0.5,33.1,517,2
たけのこいも/球茎、生,103,1.7,0.4,23.5,518,2
ヤーコン/塊根、生,54,0.6,0.3,12.4,519,2
ごま豆腐,81,1.5,4.3,9.1,520,2
でん粉めん、生,131,0.1,0.2,32.2,521,2
でん粉めん、乾,353,0.2,0.3,86.7,522,2
あおさ/素干し,130,22.1,0.6,41.7,523,9
あおのり/素干し,164,29.4,5.2,41,524,9
あまのり/焼きのり,188,41.4,3.7,44.3,525,9
いわのり/素干し,151,34.8,0.7,39.1,526,9
うみぶどう/生,4,0.5,0.1,1.2,527,9
がごめこんぶ/素干し,142,7.9,0.5,62.1,528,9
まこんぶ/素干し,146,5.8,1.3,64.3,529,9
りしりこんぶ/素干し,138,8,2,56.5,530,9
刻み昆布,105,5.4,0.5,46,531,9
削り昆布,117,6.5,0.9,50.2,532,9
塩昆布,110,16.9,0.4,37,533,9
てんぐさ/素干し,144,16.1,1,53.8,534,9
てんぐさ/ところてん,2,0.2,0,0.6,535,9
てんぐさ/角寒天,154,2.4,0.2,74.1,536,9
てんぐさ/寒天,3,0,0,1.5,537,9
ひとえぐさ/素干し,130,16.6,1,46.3,538,9
ふのり/素干し,148,13.8,1,57.8,539,9
まつも/素干し,159,27.9,4.9,40.8,540,9
わかめ/原藻、生,16,1.9,0.2,5.6,541,9
わかめ　カットわかめ　乾,140,17.9,4,42.1,542,9
てんぐさ/粉寒天,165,0.2,0.3,81.7,543,9
ひじき/ほしひじき/ステンレス釜、ゆで,10,0.7,0.3,3.4,544,9
ひじき/ほしひじき/鉄釜、ゆで,10,0.7,0.3,3.4,545,9
ウスターソース,119,1,0.1,27.1,546,16
中濃ソース,131,0.8,0.1,30.9,547,16
濃厚ソース,132,0.9,0.1,30.9,548,16
トウバンジャン,60,2,2.3,7.9,549,16
チリペッパーソース,55,0.7,0.5,5.2,550,16
ラー油,919,0.1,99.8,0,551,16
こいくちしょうゆ,77,7.7,0,7.9,552,16
うすくちしょうゆ,60,5.7,0,5.8,553,16
たまりしょうゆ,111,11.8,0,15.9,554,16
さいしこみしょうゆ,102,9.6,0,15.9,555,16
しろしょうゆ,87,2.5,0,19.2,556,16
食塩,0,0,0,0,557,16
並塩,0,0,0,0,558,16
精製塩/家庭用,0,0,0,0,559,16
穀物酢,25,0.1,0,2.4,560,16
米酢,46,0.2,0,7.4,561,16
ぶどう酢,22,0.1,0,1.2,562,16
りんご酢,26,0.1,0,2.4,563,16
かつおだし/荒節,2,0.4,0,0,564,16
昆布だし,4,0.1,0,0.9,565,16
かつお・昆布だし,2,0.3,0,0.3,566,16
しいたけだし,4,0.1,0,0.9,567,16
煮干しだし,1,0.1,0.1,0,568,16
鳥がらだし,8,0.9,0.4,0,569,16
中華だし,3,0.8,0,0,570,16
洋風だし,6,1.3,0,0.3,571,16
固形ブイヨン,235,7,4.3,42.1,572,16
顆粒和風だし,224,24.2,0.3,31.1,573,16
めんつゆ/ストレート,44,2.2,0,8.7,574,16
めんつゆ/三倍濃厚,98,4.5,0,20,575,16
オイスターソース,107,7.7,0.3,18.3,576,16
マーボー豆腐の素,115,4.2,6.3,10.4,577,16
ミートソース,101,3.8,5,10.1,578,16
トマトピューレー,41,1.9,0.1,9.9,579,16
トマトペースト,89,3.8,0.1,22,580,16
トマトケチャップ,121,1.6,0.2,27.6,581,16
トマトソース,44,2,0.2,8.5,582,16
チリソース,115,1.8,0.1,26.3,583,16
和風ドレッシングタイプ調味料,82,3.1,0.1,16.1,584,16
フレンチドレッシング,406,0.1,41.9,5.9,585,16
サウザンアイランドドレッシング,416,1,41.4,9.2,586,16
マヨネーズ/全卵型,706,1.4,76,3.6,587,16
マヨネーズ/卵黄型,686,2.5,74.7,0.6,588,16
米みそ/甘みそ,217,9.7,3,37.9,589,16
米みそ/淡色辛みそ,192,12.5,6,21.9,590,16
米みそ/赤色辛みそ,186,13.1,5.5,21.1,591,16
麦みそ,198,9.7,4.3,30,592,16
豆みそ,217,17.2,10.5,14.5,593,16
即席みそ/粉末タイプ,343,21.9,9.3,43,594,16
即席みそ/ペーストタイプ,131,8.9,3.7,15.4,595,16
ルウ類/カレールウ,511,6.5,34.1,44.7,596,16
ルウ類/ハヤシルウ,512,5.8,33.2,47.5,597,16
酒かす,227,14.9,1.5,23.8,598,16
みりん風調味料,226,0.1,0,55.7,599,16
オールスパイス/粉,374,5.6,5.6,75.2,600,16
オニオンパウダー,364,8.8,1.1,79.8,601,16
からし/粉,436,33,14.3,43.7,602,16
からし/練り,315,5.9,14.5,40.1,603,16
からし/練りマスタード,174,4.8,10.6,13.1,604,16
からし/粒入りマスタード,229,7.6,16,12.7,605,16
カレー粉,415,13,12.2,63.3,606,16
クローブ/粉,417,7.2,13.6,66.4,607,16
こしょう/黒、粉,364,11,6,66.6,608,16
こしょう/白、粉,378,10.1,6.4,70.1,609,16
こしょう/混合、粉,371,10.6,6.2,68.3,610,16
さんしょう/粉,375,10.3,6.2,69.6,611,16
シナモン/粉,364,3.6,3.5,79.6,612,16
しょうが/粉,365,7.8,4.9,72.5,613,16
しょうが/おろし,43,0.7,0.6,8.6,614,16
セージ/粉,384,6.4,10.1,66.9,615,16
タイム/粉,352,6.5,5.2,69.8,616,16
チリパウダー,374,15,8.2,60.1,617,16
とうがらし/粉,419,16.2,9.7,66.8,618,16
ナツメグ/粉,559,5.7,38.5,47.5,619,16
にんにく/ガーリックパウダー/食塩無添加,382,19.9,0.8,73.8,620,16
にんにく/おろし,171,4.7,0.5,37,621,16
バジル/粉,307,21.1,2.2,50.6,622,16
パセリ/乾,341,28.7,2.2,51.6,623,16
パプリカ/粉,389,15.5,11.6,55.6,624,16
わさび/粉、からし粉入り,384,16.5,4.4,69.7,625,16
わさび/練り,265,3.3,10.3,39.8,626,16
パン酵母、圧搾,103,16.5,1.5,12.1,627,16
パン酵母、乾燥,313,37.1,6.8,43.1,628,16
ベーキングパウダー,127,0,1.2,29,629,16
お好み焼きソース,144,1.3,0,34.1,630,16
減塩しょうゆ/こいくち,69,8.1,0,9,631,16
だししょうゆ,37,4,0,5.2,632,16
照りしょうゆ,170,2.4,0,36.3,633,16
精製塩/業務用,0,0,0,0,634,16
黒酢,54,1,0,9,635,16
バルサミコ酢,99,0.5,0,19.4,636,16
顆粒おでん用,168,9.6,0.1,32.2,637,16
顆粒中華だし,211,12.6,1.6,36.6,638,16
甘酢,125,0.1,0,28.4,639,16
エビチリの素,55,1.2,1.4,9.5,640,16
黄身酢,230,6.5,13,20.3,641,16
ごま酢,217,4,8,30.2,642,16
ごまだれ,285,7.4,14.1,30.1,643,16
三杯酢,86,0.9,0,18.1,644,16
二杯酢,57,3.5,0,8.6,645,16
すし酢/ちらし・稲荷用,150,0.1,0,34.9,646,16
すし酢/にぎり用,70,0.2,0,14.3,647,16
すし酢/巻き寿司・箱寿司用,107,0.1,0,23.8,648,16
中華風合わせ酢,151,3,3.4,25.6,649,16
デミグラスソース,82,2.9,3,11,650,16
テンメンジャン,256,8.5,7.7,38.1,651,16
ナンプラー,48,9.1,0.1,2.7,652,16
冷やし中華のたれ,114,2.1,1.2,23.1,653,16
ホワイトソース,99,1.8,6.2,9.2,654,16
ぽん酢しょうゆ,47,3.4,0.1,8.2,655,16
マリネ液,68,0.1,0,10.9,656,16
焼き鳥のたれ,131,3.2,0,29.6,657,16
焼き肉のたれ,169,4.3,2.2,33.1,658,16
みたらしのたれ,128,0.9,0,31,659,16
ゆずこしょう,49,1.3,0.8,9.3,660,16
和風ドレッシング,198,2.2,18.4,5.1,661,16
ごまドレッシング,360,8.5,26.3,21.2,662,16
マヨネーズタイプ調味料/低カロリータイプ,282,2.9,28.3,3.3,663,16
減塩みそ,192,10.8,5.7,24.5,664,16
だし入りみそ,194,13.2,5.7,22.4,665,16
辛子酢みそ,221,5,2.1,44.6,666,16
ごまみそ,258,9.4,9.9,32.9,667,16
酢みそ,216,4.9,1.5,44.8,668,16
練りみそ,273,5.5,1.7,59,669,16
その他/お茶漬けの素/さけ,264,20.3,3.7,37.4,670,16
その他/即席すまし汁,203,18.1,0.8,30.9,671,16
その他/ふりかけ/たまご,450,23.4,21.9,39.9,672,16
にんにく/ガーリックパウダー/食塩添加,382,19.9,0.8,73.8,673,16
天ぷら用バッター,137,3.4,0.5,29.7,674,16
あごだし,1,0.1,0,0,675,16
かつおだし/本枯れ節,2,0.5,0,0,676,16
昆布だし/煮出し,6,0.1,0,1.3,677,16
いかなごしょうゆ,65,13.9,0,2.1,678,16
いしるいしり,68,12.8,0,4.2,679,16
しょっつる,29,6.1,0,1.1,680,16
キムチの素,135,5.3,1,26,681,16
ぽん酢しょうゆ、市販品,61,3.7,0,10.8,682,16
その他料理酒,95,0.2,0,4.7,683,16
しょうゆ類　うすくちしょうゆ、低塩,77,6.4,0,7.6,684,16
だし類　なべつゆ、ストレート、しょうゆ味,18,0.7,0,3.7,685,16
だし類　めんつゆ、二倍濃厚,71,3.4,0,14.4,686,16
だし類　ラーメンスープ、濃縮、しょうゆ味,159,3.3,11.6,10.3,687,16
だし類　ラーメンスープ、濃縮、みそ味,192,6.4,11,16.9,688,16
調味ソース類　焼きそば粉末ソース,282,5.6,0.7,62.4,689,16
みそ類　米みそ、だし入りみそ、減塩,176,10.3,5.1,22.2,690,16
あずき/全粒、乾,343,20.8,2,59.6,691,4
あずき/ゆで小豆缶詰,218,4.4,0.4,49.2,692,4
あずき/あん/こしあん,155,9.8,0.6,27.1,693,4
あずき/あん/つぶしあん,244,5.6,0.6,54,694,4
いんげんまめ/全粒、乾,339,22.1,2.5,56.4,695,4
いんげんまめ/うずら豆,237,6.7,1.3,49.6,696,4
いんげんまめ/こしあん,155,9.4,0.9,27,697,4
えんどう/グリーンピース揚げ豆,423,20.8,11.6,58.8,698,4
えんどう/塩豆,364,23.3,2.4,61.5,699,4
えんどう/うぐいす豆,240,5.6,0.7,52.9,700,4
そらまめ/おたふく豆,251,7.9,1.2,52.2,701,4
そらまめ/ふき豆,263,9.6,1.6,52.5,702,4
全粒・全粒製品/全粒/国産/黄大豆/乾,422,33.8,19.7,29.5,703,4
全粒・全粒製品/全粒/国産/黄大豆/ゆで,176,14.8,9.8,8.4,704,4
全粒・全粒製品/全粒/米国産/黄大豆/乾,433,33,21.7,28.8,705,4
全粒・全粒製品/全粒/中国産/黄大豆/乾,422,32.8,19.5,30.8,706,4
全粒・全粒製品/水煮缶詰/黄大豆,140,12.9,6.7,7.7,707,4
全粒・全粒製品/きな粉/全粒大豆/黄大豆,450,36.7,25.7,28.5,708,4
豆腐・油揚げ類/木綿豆腐,80,7,4.9,1.5,709,4
豆腐・油揚げ類/絹ごし豆腐,62,5.3,3.5,2,710,4
豆腐・油揚げ類/沖縄豆腐,106,9.1,7.2,0.7,711,4
豆腐・油揚げ類/焼き豆腐,88,7.8,5.7,1,712,4
豆腐・油揚げ類/油揚げ/生,410,23.4,34.4,0.4,713,4
豆腐・油揚げ類/がんもどき,228,15.3,17.8,1.6,714,4
納糸引き納豆,200,16.5,10,12.1,715,4
納挽きわり納豆,194,16.6,10,10.5,716,4
豆乳/豆乳,46,3.6,2,3.1,717,4
豆乳/調製豆乳,64,3.2,3.6,4.8,718,4
湯葉/生,231,21.8,13.7,4.1,719,4
ひよこまめ/全粒、乾,374,20,5.2,61.5,720,4
りょくとう/全粒、乾,354,25.1,1.5,59.1,721,4
レンズまめ/全粒、乾,352,23.2,1.5,60.7,722,4
えんどう/全粒、赤えんどう、乾,352,21.7,2.3,60.4,723,4
そらまめ/しょうゆ豆,196,9.8,0.9,37.1,724,4
だいず 国産 黒大豆乾,410,33.9,18.8,28.9,725,4
油揚げ/油抜き,288,18.2,23.4,0,726,4
アーティチョーク/花らい、生,48,2.3,0.2,11.3,727,6
アーティチョーク/花らい、ゆで,45,2.1,0.1,10.8,728,6
あさつき/葉、生,33,4.2,0.3,5.6,729,6
あさつき/葉、ゆで,39,4.2,0.3,7.3,730,6
あしたば/茎葉、生,33,3.3,0.1,6.7,731,6
あしたば/茎葉、ゆで,31,2.9,0.1,6.6,732,6
アスパラガス/若茎、生,22,2.6,0.2,3.9,733,6
アスパラガス/若茎、ゆで,24,2.6,0.1,4.6,734,6
アスパラガス/水煮缶詰,22,2.4,0.1,4.3,735,6
いんげんまめ/さやいんげん/若ざや、生,23,1.8,0.1,5.1,736,6
いんげんまめ/さやいんげん/若ざや、ゆで,26,1.8,0.2,5.5,737,6
うど/茎、生,18,0.8,0.1,4.3,738,6
うど/茎、水さらし,14,0.6,0,3.4,739,6
やまうど/茎、生,19,1.1,0.1,4.3,740,6
えだまめ/生,135,11.7,6.2,8.8,741,6
えだまめ/ゆで,134,11.5,6.1,8.9,742,6
えだまめ/冷凍,159,13,7.6,10.6,743,6
エンダイブ/葉、生,15,1.2,0.2,2.9,744,6
トウミョウ/茎葉、生,27,3.8,0.4,4,745,6
さやえんどう/若ざや、生,36,3.1,0.2,7.5,746,6
さやえんどう/若ざや、ゆで,34,3.2,0.2,7,747,6
スナップえんどう/若ざや、生,43,2.9,0.1,9.9,748,6
グリンピース/生,93,6.9,0.4,15.3,749,6
グリンピース/ゆで,110,8.3,0.2,18.5,750,6
グリンピース/冷凍,98,5.8,0.7,17.1,751,6
グリンピース/水煮缶詰,98,3.6,0.4,19.7,752,6
おおさかしろな/葉、生,13,1.4,0.2,2.2,753,6
おおさかしろな/葉、ゆで,17,1.6,0.3,3.1,754,6
おおさかしろな/塩漬,22,1.3,0.3,4.5,755,6
おかひじき/茎葉、生,17,1.4,0.2,3.4,756,6
おかひじき/茎葉、ゆで,17,1.2,0.1,3.8,757,6
オクラ/果実、生,30,2.1,0.2,6.6,758,6
オクラ/果実、ゆで,33,2.1,0.1,7.6,759,6
かぶ/葉、生,20,2.3,0.1,3.9,760,6
かぶ/葉、ゆで,22,2.3,0.1,4.4,761,6
かぶ/根、皮つき、生,20,0.7,0.1,4.6,762,6
かぶ/根、皮つき、ゆで,21,0.7,0.1,4.7,763,6
かぶ/根、皮むき、生,21,0.6,0.1,4.8,764,6
かぶ/根、皮むき、ゆで,22,0.6,0.1,5,765,6
かぶ/漬物/塩漬/葉,29,2.3,0.2,6,766,6
かぶ/漬物/塩漬/根、皮つき,23,1,0.2,4.9,767,6
かぶ/漬物/塩漬/根、皮むき,21,0.8,0.1,4.7,768,6
かぶ/漬物/ぬかみそ漬/葉,34,3.3,0.1,7.1,769,6
かぶ/漬物/ぬかみそ漬/根、皮つき,28,1.5,0.1,5.9,770,6
かぶ/漬物/ぬかみそ漬/根、皮むき,31,1.4,0.1,6.9,771,6
日本かぼちゃ/果実、生,49,1.6,0.1,10.9,772,6
日本かぼちゃ/果実、ゆで,60,1.9,0.1,13.3,773,6
西洋かぼちゃ/果実、生,91,1.9,0.3,20.6,774,6
西洋かぼちゃ/果実、ゆで,93,1.6,0.3,21.3,775,6
西洋かぼちゃ/果実、冷凍,83,2.2,0.3,18.5,776,6
そうめんかぼちゃ/果実、生,24,0.7,0.1,6.1,777,6
からしな/葉、生,26,3.3,0.1,4.7,778,6
からしな/塩漬,36,4,0.1,7.2,779,6
カリフラワー/花序、生,27,3,0.1,5.2,780,6
カリフラワー/花序、ゆで,26,2.7,0.1,5.1,781,6
かんぴょう/乾,260,6.3,0.2,68.1,782,6
かんぴょう/ゆで,28,0.7,0,7.2,783,6
きく/花びら、生,27,1.4,0,6.5,784,6
きく/花びら、ゆで,23,1,0,5.7,785,6
きく/菊のり,292,11.6,0.2,73.5,786,6
キャベツ/結球葉、生,23,1.3,0.2,5.2,787,6
キャベツ/結球葉、ゆで,20,0.9,0.2,4.6,788,6
グリーンボール/結球葉、生,20,1.4,0.1,4.3,789,6
レッドキャベツ/結球葉、生,30,2,0.1,6.7,790,6
きゅうり/果実、生,14,1,0.1,3,791,6
きゅうり/漬物/塩漬,16,1,0.1,3.7,792,6
きゅうり/漬物/しょうゆ漬,50,3.2,0.4,10.8,793,6
きゅうり/漬物/ぬかみそ漬,27,1.5,0.1,6.2,794,6
きゅうり/漬物/ピクルス/スイート型,67,0.3,0.1,18.3,795,6
きゅうり/漬物/ピクルス/サワー型,12,1.4,0,2.5,796,6
ぎょうじゃにんにく/葉、生,34,3.5,0.2,6.6,797,6
みずな/葉、生,23,2.2,0.1,4.8,798,6
みずな/葉、ゆで,22,2,0.1,4.7,799,6
みずな/塩漬,27,2,0.1,5.9,800,6
キンサイ/茎葉、生,19,1.1,0.4,3.5,801,6
キンサイ/茎葉、ゆで,19,1.1,0.4,3.5,802,6
クレソン/茎葉、生,15,2.1,0.1,2.5,803,6
くわい/塊茎、生,126,6.3,0.1,26.6,804,6
くわい/塊茎、ゆで,128,6.2,0.1,27.2,805,6
ケール/葉、生,28,2.1,0.4,5.6,806,6
コールラビ/球茎、生,21,1,0,5.1,807,6
コールラビ/球茎、ゆで,21,1,0,5.2,808,6
こごみ/若芽、生,28,3,0.2,5.3,809,6
ごぼう/根、生,65,1.8,0.1,15.4,810,6
ごぼう/根、ゆで,58,1.5,0.2,13.7,811,6
こまつな/葉、生,14,1.5,0.2,2.4,812,6
こまつな/葉、ゆで,15,1.6,0.1,3,813,6
ザーサイ/漬物,23,2.5,0.1,4.6,814,6
さんとうさい/葉、生,14,1,0.2,2.7,815,6
さんとうさい/葉、ゆで,16,1.4,0.3,2.9,816,6
さんとうさい/塩漬,20,1.5,0.3,4,817,6
しかくまめ/若ざや、生,20,2.4,0.1,3.8,818,6
ししとう/果実、生,27,1.9,0.3,5.7,819,6
ししとう/果実、油いため,55,1.9,3.2,5.8,820,6
しそ/葉、生,37,3.9,0.1,7.5,821,6
しそ/実、生,41,3.4,0.1,8.9,822,6
じゅうろくささげ/若ざや、生,24,2.5,0.1,4.8,823,6
じゅうろくささげ/若ざや、ゆで,30,2.8,0.1,6.2,824,6
しゅんぎく/葉、生,22,2.3,0.3,3.9,825,6
しゅんぎく/葉、ゆで,27,2.7,0.5,4.5,826,6
じゅんさい/若葉、水煮びん詰,5,0.4,0,1,827,6
しょうが類/葉しょうが/根茎、生,11,0.5,0.2,2.1,828,6
しょうが類/しょうが/根茎、生,30,0.9,0.3,6.6,829,6
しょうが類/しょうが/漬物/酢漬,19,0.2,0.4,4,830,6
しょうが類/しょうが/漬物/甘酢漬,51,0.2,0.3,12.5,831,6
しろうり/果実、生,15,0.9,0.1,3.3,832,6
しろうり/漬物/塩漬,16,1,0.1,3.7,833,6
しろうり/漬物/奈良漬,157,4.5,0.1,40.8,834,6
ずいき/生ずいき、生,16,0.5,0,4.1,835,6
ずいき/生ずいき、ゆで,12,0.4,0,3.1,836,6
ずいき/干しずいき、乾,246,6.6,0.4,63.5,837,6
ずいき/干しずいき、ゆで,13,0.5,0,3.4,838,6
すぐきな/葉、生,26,1.9,0.2,5.4,839,6
すぐきな/根、生,21,0.6,0.1,4.7,840,6
すぐきな/すぐき漬,34,2.6,0.7,6.1,841,6
ズッキーニ/果実、生,14,1.3,0.1,2.8,842,6
せり/茎葉、生,17,2,0.1,3.3,843,6
せり/茎葉、ゆで,18,2.1,0.1,3.4,844,6
セロリ/葉柄、生,15,0.4,0.1,3.6,845,6
ぜんまい/生ぜんまい/若芽、生,29,1.7,0.1,6.6,846,6
ぜんまい/生ぜんまい/若芽、ゆで,21,1.1,0.4,4.1,847,6
ぜんまい/干しぜんまい/干し若芽、乾,293,14.6,0.6,70.8,848,6
ぜんまい/干しぜんまい/干し若芽、ゆで,29,1.7,0.1,6.8,849,6
そらまめ/未熟豆、生,108,10.9,0.2,15.5,850,6
そらまめ/未熟豆、ゆで,112,10.5,0.2,16.9,851,6
タアサイ/葉、生,13,1.3,0.2,2.2,852,6
タアサイ/葉、ゆで,13,1.1,0.2,2.3,853,6
かいわれだいこん/芽ばえ、生,21,2.1,0.5,3.3,854,6
葉だいこん/葉、生,18,2,0.2,3.3,855,6
だいこん/葉、生,25,2.2,0.1,5.3,856,6
だいこん/葉、ゆで,25,2.2,0.1,5.4,857,6
だいこん/根、皮つき、生,18,0.5,0.1,4.1,858,6
だいこん/根、皮つき、ゆで,18,0.4,0,4.5,859,6
だいこん/根、皮むき、生,18,0.4,0.1,4.1,860,6
だいこん/根、皮むき、ゆで,18,0.5,0.1,4,861,6
切干しだいこん/乾,301,9.7,0.8,69.7,862,6
漬物/ぬかみそ漬,30,1.3,0.1,6.7,863,6
漬物/たくあん漬/塩押しだいこん漬,64,1.2,0.3,15.2,864,6
漬物/たくあん漬/干しだいこん漬,27,1.9,0.1,5.5,865,6
漬物/守口漬,187,5.3,0.2,44.3,866,6
漬物/べったら漬,57,0.9,0.1,14,867,6
漬物/みそ漬,78,4.5,0.3,16.3,868,6
漬物/福神漬,136,2.7,0.1,33.3,869,6
つまみな/葉、生,20,1.9,0.3,3.6,870,6
たいさい/葉、生,16,0.9,0.1,3.5,871,6
たいさい/塩漬,20,1.6,0.1,4.3,872,6
たかな/葉、生,21,1.8,0.2,4.2,873,6
たかな/たかな漬,33,2.8,0.2,7,874,6
たけのこ/若茎、生,26,3.6,0.2,4.3,875,6
たけのこ/若茎、ゆで,30,3.5,0.2,5.5,876,6
たけのこ/水煮缶詰,23,2.7,0.2,4,877,6
たけのこ/めんま/塩蔵/塩抜き,19,1,0.5,3.6,878,6
たまねぎ/りん茎　生,35,1,0.1,8.4,879,6
たまねぎ/りん茎、水さらし,26,0.6,0.1,6.1,880,6
たまねぎ/りん茎、ゆで,31,0.8,0.1,7.3,881,6
赤たまねぎ/りん茎、生,38,0.9,0.1,9,882,6
たらのめ/若芽、生,27,4.2,0.2,4.3,883,6
たらのめ/若芽、ゆで,26,4,0.2,4.1,884,6
チコリ/若芽/生,16,1,0,3.9,885,6
チンゲンサイ/葉、生,9,0.6,0.1,2,886,6
チンゲンサイ/葉、ゆで,12,0.9,0.1,2.4,887,6
つくし/胞子茎、生,38,3.5,0.1,8.1,888,6
つくし/胞子茎、ゆで,33,3.4,0.1,6.7,889,6
つるな/茎葉、生,15,1.8,0.1,2.8,890,6
つるむらさき/茎葉、生,13,0.7,0.2,2.6,891,6
つるむらさき/茎葉、ゆで,15,0.9,0.2,3.2,892,6
つわぶき/葉柄、生,21,0.4,0,5.6,893,6
つわぶき/葉柄、ゆで,16,0.3,0,4.4,894,6
とうがらし/葉・果実、生,35,3.4,0.1,7.2,895,6
とうがらし/葉・果実、油いため,85,4,4.9,8.5,896,6
とうがらし/果実、生,96,3.9,3.4,16.3,897,6
とうがらし/果実、乾,345,14.7,12,58.4,898,6
とうがん/果実、生,16,0.5,0.1,3.8,899,6
とうがん/果実、ゆで,16,0.6,0.1,3.7,900,6
スイートコーン/未熟種子、生,92,3.6,1.7,16.8,901,6
スイートコーン/未熟種子、ゆで,99,3.5,1.7,18.6,902,6
スイートコーン/未熟種子、穂軸つき冷凍,97,3.5,1.5,18.7,903,6
スイートコーン/未熟種子、カーネル、冷凍,98,2.9,1.3,19.8,904,6
スイートコーン/缶詰/クリームスタイル,84,1.7,0.5,18.6,905,6
スイートコーン/缶詰/ホールカーネルスタイル,82,2.3,0.5,17.8,906,6
ヤングコーン/幼雌穂、生,29,2.3,0.2,6,907,6
トマト類/トマト/果実、生,19,0.7,0.1,4.7,908,6
トマト類/ミニトマト/果実、生,29,1.1,0.1,7.2,909,6
トマト類/缶詰/ホール/食塩無添加,20,0.9,0.2,4.4,910,6
トマト類/缶詰/トマトジュース/食塩添加,17,0.7,0.1,4,911,6
トマト類/缶詰/ミックスジュース/食塩添加,17,0.6,0,4.3,912,6
アルファルファもやし/生,12,1.6,0.1,2,913,6
だいずもやし/生,37,3.7,1.5,2.3,914,6
だいずもやし/ゆで,34,2.9,1.6,2.2,915,6
もやし類　ブラックマッペもやし　生,15,2.2,0,2.8,916,6
ブラックマッペもやし/ゆで,13,1.3,0,2.7,917,6
りょくとうもやし/生,14,1.7,0.1,2.6,918,6
りょくとうもやし/ゆで,12,1.6,0,2.3,919,6
モロヘイヤ/茎葉、生,38,4.8,0.5,6.3,920,6
モロヘイヤ/茎葉、ゆで,25,3,0.4,4,921,6
やまごぼう/みそ漬,72,4.1,0.1,15.6,922,6
ゆりね/りん茎、生,125,3.8,0.1,28.3,923,6
ゆりね/りん茎、ゆで,126,3.4,0.1,28.7,924,6
ようさい/茎葉、生,17,2.2,0.1,3.1,925,6
ようさい/茎葉、ゆで,21,2.2,0.1,4.1,926,6
よめな/葉、生,46,3.4,0.2,10,927,6
よもぎ/葉、生,46,5.2,0.3,8.7,928,6
よもぎ/葉、ゆで,42,4.8,0.1,8.2,929,6
らっかせい/未熟豆、生,295,12,24.2,12.4,930,6
らっかせい/未熟豆、ゆで,288,11.9,23.5,12.3,931,6
らっきょう類/らっきょう/りん茎、生,118,1.4,0.2,29.3,932,6
らっきょう類/らっきょう/甘酢漬,115,0.7,0.2,29,933,6
らっきょう類/エシャレット/りん茎、生,76,2.3,0.2,17.8,934,6
リーキ/りん茎葉、生,29,1.6,0.1,6.9,935,6
リーキ/りん茎葉、ゆで,28,1.3,0.1,6.8,936,6
ルバーブ/葉柄、生,24,0.7,0.1,6,937,6
ルバーブ/葉柄、ゆで,18,0.5,0.1,4.6,938,6
レタス/土耕栽培/結球葉/生,12,0.6,0.1,2.8,939,6
サラダな/葉、生,14,1,0.2,2.7,940,6
リーフレタス/葉、生,16,1.4,0.1,3.3,941,6
サニーレタス/葉、生,16,1.2,0.2,3.2,942,6
コスレタス/葉、生,17,1.2,0.2,3.4,943,6
れんこん/根茎、生,66,1.9,0.1,15.5,944,6
れんこん/根茎、ゆで,66,1.3,0.1,16.1,945,6
ルッコラ/葉、生,19,1.9,0.4,3.1,946,6
わけぎ/葉、生,30,1.6,0,7.4,947,6
わけぎ/葉、ゆで,29,1.9,0,6.9,948,6
わさび/根茎、生,88,5.6,0.2,18.4,949,6
わさび/わさび漬,145,7.1,0.5,28,950,6
わらび/生わらび、生,21,2.4,0.1,4,951,6
わらび/生わらび、ゆで,15,1.5,0.1,3,952,6
わらび/干しわらび、乾,274,20,0.7,61.4,953,6
アスパラガス/若茎、油いため,57,2.9,3.9,4.1,954,6
アロエ/葉、生,3,0,0.1,0.7,955,6
トウミョウ/芽ばえ、生,24,3.8,0.4,3.2,956,6
トウミョウ/芽ばえ、ゆで,27,3.6,0.6,3.8,957,6
トウミョウ/芽ばえ、油いため,82,5,5.9,4.3,958,6
西洋かぼちゃ/果実、焼き,122,2.5,0.4,27.7,959,6
キャベツ/結球葉、油いため,81,1.6,6,5.9,960,6
切干しだいこん、ゆで,19,0.9,0.1,4.1,961,6
切干しだいこん、油いため,88,1.5,6,7.6,962,6
たまねぎ/りん茎、油いため,105,1.4,5.9,12,963,6
葉たまねぎ/りん茎及び葉、生,37,1.8,0.4,7.6,964,6
チンゲンサイ/葉、油いため,39,0.8,3.2,2.2,965,6
にら/葉、油いため,74,1.9,5.7,4.9,966,6
にんじん/根、皮むき、油いため,109,1.1,6.4,12.4,967,6
にんじん/根、皮むき、素揚げ,89,1,3.5,13.9,968,6
にんじん/根、皮、生,31,0.7,0.2,7.3,969,6
にんじん/グラッセ,66,0.7,1.4,12.7,970,6
にんにく/りん茎、油いため,199,8.2,5.9,30.6,971,6
根深ねぎ/葉、軟白、ゆで,28,1.3,0.1,6.8,972,6
根深ねぎ/葉、軟白、油いため,78,1.6,4.4,9.5,973,6
葉ねぎ/葉、油いため,81,2.1,5.2,7.9,974,6
はやとうり/果実、緑色種、生,20,0.6,0.1,4.9,975,6
ブロッコリー/芽ばえ、生,19,1.9,0.6,2.6,976,6
ほうれんそう/葉、夏採り、生,20,2.2,0.4,3.1,977,6
ほうれんそう/葉、冬採り、生,20,2.2,0.4,3.1,978,6
ほうれんそう/葉、夏採り、ゆで,25,2.6,0.5,4,979,6
ほうれんそう/葉、冬採り、ゆで,25,2.6,0.5,4,980,6
ほうれんそう/葉、通年平均、油いため,99,3.8,8.1,4.4,981,6
みぶな/葉、生,15,1.1,0.3,2.9,982,6
レタス/水耕栽培/結球葉、生,14,0.8,0.2,2.9,983,6
サンチュ/葉、生,15,1.2,0.4,2.5,984,6
うるい/葉、生,22,1.9,0.4,4,985,6
かんぴょう/甘煮,157,2.3,0.2,36.5,986,6
しょうが/根茎、皮むき、生、おろし,70,0.7,0.8,16,987,6
しょうが/根茎、皮むき、生、おろし汁,17,0.4,0.3,3.5,988,6
だいこん/根、皮むき、生、おろし,34,0.6,0.2,8,989,6
だいこん/根、皮むき、生、おろし汁,11,0.3,0,2.7,990,6
だいこん/根、皮むき、生、おろし水洗い,30,0.6,0.1,7.2,991,6
トマト/ドライトマト,292,14.2,2.1,67.3,992,6
れんこん/甘酢れんこん,71,0.6,0.2,16.5,993,6
ほうれんそう/葉、冷凍/ゆで,28,4.2,0.5,3.8,994,6
ほうれんそう/葉、冷凍/油いため,78,4,4.5,5.4,995,6
グリンピース、冷凍、ゆで,103,6.2,0.7,17.8,996,6
グリンピース、冷凍、油いため,139,6.3,4.6,18.2,997,6
ちぢみゆきな/葉/生,35,3.6,0.6,5.7,998,6
ちぢみゆきな/葉/ゆで,34,3.8,0.7,5.2,999,6
ミックスベジタブル、冷凍,79,3,0.7,15.1,1000,6
ミックスベジタブル、冷凍、ゆで,78,3.1,0.8,14.6,1001,6
ミックスベジタブル、冷凍、油いため,120,3.3,4.9,15.7,1002,6
コリアンダー、葉、生,25,1.4,0.4,4.6,1003,6
ブロッコリー　花序　電子レンジ調理,45,5.7,0.7,7,1004,6
ブロッコリー　花序　焼き,65,9.9,1.2,8.4,1005,6
ブロッコリー　花序　油いため,110,6.9,6.3,6.1,1006,6
ブラックマッペもやし　油いため,40,2.3,0.9,5.8,1007,6
野菜ミックスジュース　通常タイプ,25,0.8,0.1,4.7,1008,6
野菜ミックスジュース　濃縮タイプ,40,1,0.3,7.8,1009,6
トレビス/葉、生,18,1.1,0.2,3.9,1010,6
とんぶり/ゆで,90,6.1,3.5,12.9,1011,6
ながさきはくさい/葉、生,13,1.3,0.1,2.6,1012,6
ながさきはくさい/葉、ゆで,18,2.2,0.1,3.4,1013,6
なす/果実、生,22,1.1,0.1,5.1,1014,6
なす/果実、ゆで,19,1,0.1,4.5,1015,6
べいなす/果実、生,22,1.1,0.1,5.3,1016,6
べいなす/果実/素揚げ,183,1,17,6.7,1017,6
なす類/漬物/塩漬,23,1.4,0.1,5.2,1018,6
なす類/漬物/ぬかみそ漬,27,1.7,0.1,6.1,1019,6
なす類/漬物/こうじ漬,79,5.5,0.1,18.2,1020,6
なす類/漬物/からし漬,118,2.6,0.2,30.7,1021,6
なす類/漬物/しば漬,30,1.4,0.2,7,1022,6
なずな/葉、生,36,4.3,0.1,7,1023,6
和種なばな/花らい・茎、生,33,4.4,0.2,5.8,1024,6
和種なばな/花らい・茎、ゆで,28,4.7,0.1,4.3,1025,6
洋種なばな/茎葉、生,35,4.1,0.4,6,1026,6
洋種なばな/茎葉、ゆで,31,3.6,0.4,5.3,1027,6
にがうり/果実、生,17,1,0.1,3.9,1028,6
にがうり/果実、油いため,50,1.2,3.3,4.6,1029,6
にら/葉、生,21,1.7,0.3,4,1030,6
にら/葉、ゆで,31,2.6,0.5,5.7,1031,6
花にら/花茎・花らい、生,27,1.9,0.2,5.9,1032,6
黄にら/葉、生,18,2.1,0.1,3.3,1033,6
葉にんじん/葉、生,18,1.1,0.2,3.7,1034,6
にんじん/根、皮つき、生,39,0.7,0.2,9.3,1035,6
にんじん/根、皮つき、ゆで,36,0.6,0.2,8.4,1036,6
にんじん/根、皮むき、生,36,0.8,0.1,8.7,1037,6
にんじん/根、皮むき、ゆで,36,0.7,0.1,8.5,1038,6
にんじん/根、冷凍,35,0.8,0.2,8.2,1039,6
にんじん/ジュース、缶詰,28,0.6,0.1,6.7,1040,6
きんとき/根、皮つき、生,44,1.8,0.2,9.6,1041,6
きんとき/根、皮つき、ゆで,42,1.9,0.2,9.2,1042,6
きんとき/根、皮むき、生,45,1.8,0.3,9.7,1043,6
きんとき/根、皮むき、ゆで,45,1.9,0.4,9.6,1044,6
ミニキャロット/根、生,32,0.7,0.2,7.5,1045,6
にんにく/りん茎、生,136,6.4,0.9,27.5,1046,6
茎にんにく/花茎、生,45,1.9,0.3,10.6,1047,6
茎にんにく/花茎、ゆで,44,1.7,0.2,10.7,1048,6
根深ねぎ/葉、軟白、生,34,1.4,0.1,8.3,1049,6
葉ねぎ/葉、生,30,1.9,0.3,6.5,1050,6
こねぎ/葉、生,27,2,0.3,5.4,1051,6
のざわな/葉、生,16,0.9,0.1,3.5,1052,6
のざわな/漬物/塩漬,18,1.2,0.1,4.1,1053,6
のざわな/漬物/調味漬,23,1.7,0,5.4,1054,6
のびる/りん茎葉、生,65,3.2,0.2,15.5,1055,6
はくさい/結球葉、生,14,0.8,0.1,3.2,1056,6
はくさい/結球葉、ゆで,13,0.9,0.1,2.9,1057,6
はくさい/漬物/塩漬,16,1.4,0.1,3.4,1058,6
はくさい/漬物/キムチ,46,2.8,0.3,7.9,1059,6
パクチョイ/葉、生,15,1.6,0.2,2.7,1060,6
バジル/葉、生,24,2,0.6,4,1061,6
パセリ/葉、生,43,4,0.7,7.8,1062,6
はつかだいこん/根、生,15,0.8,0.1,3.1,1063,6
はやとうり/果実、白色種、生,20,0.6,0.1,4.9,1064,6
はやとうり/果実、白色種、塩漬,17,0.6,0,4.4,1065,6
ビーツ/根、生,41,1.6,0.1,9.3,1066,6
ビーツ/根、ゆで,44,1.5,0.1,10.2,1067,6
青ピーマン/果実、生,22,0.9,0.2,5.1,1068,6
青ピーマン/果実、油いため,61,0.9,4.3,5.4,1069,6
赤ピーマン/果実、生,30,1,0.2,7.2,1070,6
赤ピーマン/果実、油いため,69,1,4.3,7.6,1071,6
黄ピーマン/果実、生,27,0.8,0.2,6.6,1072,6
黄ピーマン/果実、油いため,66,0.8,4.3,6.9,1073,6
トマピー/果実、生,31,1,0.2,7.5,1074,6
ひのな/根・茎葉、生,19,1,0,4.7,1075,6
ひのな/根・茎葉、甘酢漬,69,1.4,0.5,17.3,1076,6
ひろしまな/葉、生,20,1.5,0.2,4.2,1077,6
ひろしまな/塩漬,16,1.2,0.2,3.3,1078,6
ふき/葉柄、生,11,0.3,0,3,1079,6
ふき/葉柄、ゆで,8,0.3,0,1.9,1080,6
ふきのとう/花序、生,43,2.5,0.1,10,1081,6
ふきのとう/花序、ゆで,32,2.5,0.1,7,1082,6
ふじまめ/若ざや、生,33,2.5,0.1,7.4,1083,6
ふだんそう/葉、生,19,2,0.1,3.7,1084,6
ふだんそう/葉、ゆで,27,2.8,0.1,5.4,1085,6
ブロッコリー　花序　生,40,5.4,0.6,6.6,1086,6
ブロッコリー　花序　ゆで,30,3.9,0.4,5.2,1087,6
へちま/果実、生,16,0.8,0.1,3.8,1088,6
へちま/果実、ゆで,18,1.6,0.1,3.7,1089,6
ほうれんそう/葉、通年平均、生,20,2.2,0.4,3.1,1090,6
ほうれんそう/葉、通年平均、ゆで,25,2.6,0.5,4,1091,6
ほうれんそう/葉、冷凍,22,2.9,0.3,3.4,1092,6
ホースラディシュ/根茎、生,79,3.1,0.3,17.7,1093,6
まこも/茎、生,21,1.3,0.2,4.4,1094,6
みずかけな/葉、生,25,2.9,0.1,4.7,1095,6
みずかけな/塩漬,32,4.9,0,5.7,1096,6
切りみつば/葉、生,18,1,0.1,4,1097,6
切りみつば/葉、ゆで,15,0.9,0.1,3.3,1098,6
根みつば/葉、生,20,1.9,0.1,4.1,1099,6
根みつば/葉、ゆで,20,2.3,0.1,3.9,1100,6
糸みつば/葉、生,13,0.9,0.1,2.9,1101,6
糸みつば/葉、ゆで,17,1.1,0,4,1102,6
みょうが/花穂、生,12,0.9,0.1,2.6,1103,6
みょうがたけ/茎葉、生,7,0.4,0.1,1.5,1104,6
むかご/肉芽、生,93,2.9,0.2,20.6,1105,6
めキャベツ/結球葉、生,50,5.7,0.1,9.9,1106,6
めキャベツ/結球葉、ゆで,49,5.3,0.1,9.8,1107,6
めたで/芽ばえ、生,43,3,0.5,8.8,1108,6
あいなめ/生,113,19.1,3.4,0.1,1109,10
あこうだい/生,93,16.8,2.3,0.1,1110,10
まあじ/皮つき/生,126,19.7,4.5,0.1,1111,10
あなご/生,161,17.3,9.3,0,1112,10
あまだい/生,113,18.8,3.6,0,1113,10
あゆ/天然、生,100,18.3,2.4,0.1,1114,10
あんこう/生,58,13,0.2,0.3,1115,10
あんこう/きも、生,445,10,41.9,2.2,1116,10
いかなご/生,125,17.2,5.5,0.1,1117,10
いさき/生,127,17.2,5.7,0.1,1118,10
いしだい/生,156,19.5,7.8,0,1119,10
いとよりだい/生,93,18.1,1.7,0.1,1120,10
いぼだい/生,149,16.4,8.5,0,1121,10
うるめいわし/生,136,21.3,4.8,0.3,1122,10
かたくちいわし/生,192,18.2,12.1,0.3,1123,10
まいわし/生,169,19.2,9.2,0.2,1124,10
めざし/生,257,18.2,18.9,0.5,1125,10
しらす干し/半乾燥品,206,40.5,3.5,0.5,1126,10
たたみいわし,372,75.1,5.6,0.7,1127,10
缶詰/水煮,188,20.7,10.6,0.1,1128,10
缶詰/油漬,359,20.3,30.7,0.3,1129,10
いわな/養殖、生,114,19,3.6,0.1,1130,10
うぐい/生,100,20.1,1.5,0.2,1131,10
うなぎ/養殖、生,255,17.1,19.3,0.3,1132,10
えい/生,84,19.1,0.3,0.1,1133,10
えそ/生,93,20.1,0.8,0.1,1134,10
おいかわ/生,136,19.2,5.8,0.1,1135,10
おこぜ/生,85,19.6,0.2,0.2,1136,10
かさご/生,93,19.3,1.1,0.1,1137,10
かじか/生,111,15,5,0.2,1138,10
まかじき/生,115,23.1,1.8,0.1,1139,10
かつお/春獲り、生,114,25.8,0.5,0.1,1140,10
かつお/秋獲り、生,165,25,6.2,0.2,1141,10
かつお節,356,77.1,2.9,0.8,1142,10
かます/生,148,18.9,7.2,0.1,1143,10
まがれい/生,95,19.6,1.3,0.1,1144,10
まこがれい/生,93,18,1.8,0.1,1145,10
子持ちがれい/生,143,19.9,6.2,0.1,1146,10
かわはぎ/生,83,18.8,0.4,0,1147,10
かんぱち/生,129,21,4.2,0.1,1148,10
きす/生,80,18.5,0.2,0,1149,10
きちじ/生,262,13.6,21.7,0,1150,10
きびなご/生,93,18.8,1.4,0.1,1151,10
キャビア/塩蔵品,263,26.2,17.1,1.1,1152,10
ぎんだら/生,232,13.6,18.6,0,1153,10
ぐち/生,83,18,0.8,0,1154,10
こい/養殖、生,171,17.7,10.2,0.2,1155,10
まごち/生,100,22.5,0.5,0.2,1156,10
このしろ/生,160,19,8.3,0.4,1157,10
からふとます/生,154,21.7,6.6,0.1,1158,10
にじます/淡水養殖/皮つき/生,127,19.7,4.6,0.1,1159,10
べにざけ/生,138,22.5,4.5,0.1,1160,10
まさば/生,247,20.6,16.8,0.3,1161,10
ごまさば/さば節,360,73.9,5.1,0,1162,10
缶詰/水煮,190,20.9,10.7,0.2,1163,10
さより/生,95,19.6,1.3,0,1164,10
さわら/生,177,20.1,9.7,0.1,1165,10
さんま/皮つき/生,318,18.1,25.6,0.1,1166,10
ししゃも/生干し、生,166,21,8.1,0.2,1167,10
からふとししゃも/生干し、生,177,15.6,11.6,0.5,1168,10
したびらめ/生,96,19.2,1.6,0,1169,10
しらうお/生,77,13.6,2,0.1,1170,10
すずき/生,123,19.8,4.2,0,1171,10
くろだい/生,150,20.4,6.7,0.3,1172,10
まだい/天然、生,142,20.6,5.8,0.1,1173,10
たちうお/生,266,16.5,20.9,0,1174,10
すけとうだら/生,83,17.4,1,0.1,1175,10
すけとうだら/たらこ/生,140,24,4.7,0.4,1176,10
すけとうだら/からしめんたいこ,126,21,3.3,3,1177,10
どじょう/生,79,16.1,1.2,0,1178,10
とびうお/生,96,21,0.7,0.1,1179,10
なまず/生,159,18.4,8.6,0,1180,10
にしん/生,216,17.4,15.1,0.1,1181,10
にしん/かずのこ/生,162,25.2,6.7,0.2,1182,10
にしん/かずのこ/塩蔵、水戻し,89,15,3,0.6,1183,10
はぜ/生,83,19.1,0.2,0.1,1184,10
はたはた/生,113,14.1,5.7,0,1185,10
はも/生,144,22.3,5.3,0,1186,10
ひらまさ/生,142,22.6,4.9,0.1,1187,10
ひらめ/天然、生,103,20,2,0,1188,10
とらふぐ/養殖、生,85,19.3,0.3,0.2,1189,10
まふぐ/生,84,18.9,0.4,0,1190,10
ふな/生,101,18.2,2.5,0.1,1191,10
ほうぼう/生,122,19.6,4.2,0,1192,10
ほっけ/生,115,17.3,4.4,0.1,1193,10
ほっけ/開き干し/生,176,20.6,9.4,0.1,1194,10
ぼら/生,128,19.2,5,0.1,1195,10
ぼら/からすみ,423,40.4,28.9,0.3,1196,10
きはだ/生,112,24.3,1,0,1197,10
くろまぐろ/赤身、生,125,26.4,1.4,0.1,1198,10
みなみまぐろ/赤身、生,95,21.6,0.4,0.1,1199,10
缶詰/水煮、フレーク、ライト,71,16,0.7,0.2,1200,10
缶詰/油漬、フレーク、ライト,267,17.7,21.7,0.1,1201,10
みなみだら/生,72,16.4,0.3,0,1202,10
むつ/生,189,16.7,12.6,0,1203,10
めじな/生,125,19.4,4.5,0.1,1204,10
めばる/生,109,18.1,3.5,0,1205,10
わかさぎ/生,77,14.4,1.7,0.1,1206,10
あかがい/生,74,13.5,0.3,3.5,1207,10
あさり/生,30,6,0.3,0.4,1208,10
あさり/缶詰/水煮,114,20.3,2.2,1.9,1209,10
あわび/生,73,12.7,0.3,4,1210,10
あわび/干し,273,38,1.6,23.8,1211,10
あわび/水煮缶詰,90,19.4,0.4,1,1212,10
かき/養殖、生,70,6.9,2.2,4.9,1213,10
さざえ/生,89,19.4,0.4,0.8,1214,10
しじみ/生,64,7.5,1.4,4.5,1215,10
とこぶし/生,84,16,0.4,3,1216,10
とりがい/斧足、生,86,12.9,0.3,6.9,1217,10
ばい/生,87,16.3,0.6,3.1,1218,10
ばかがい/生,61,10.9,0.5,2.4,1219,10
はまぐり/生,39,6.1,0.6,1.8,1220,10
ほたてがい/生,72,13.5,0.9,1.5,1221,10
ほたてがい/貝柱/水煮缶詰,94,19.5,0.6,1.5,1222,10
ほっきがい/生,73,11.1,1.1,3.8,1223,10
あまえび/生,98,19.8,1.5,0.1,1224,10
いせえび/生,92,20.9,0.4,0,1225,10
くるまえび/養殖、生,97,21.6,0.6,0,1226,10
さくらえび/ゆで,91,18.2,1.5,0,1227,10
大正えび/生,95,21.7,0.3,0.1,1228,10
ブラックタイガー/養殖、生,82,18.4,0.3,0.3,1229,10
干しえび,233,48.6,2.8,0.3,1230,10
がざみ/生,65,14.4,0.3,0.3,1231,10
毛がに/生,72,15.8,0.5,0.2,1232,10
ずわいがに/生,63,13.9,0.4,0.1,1233,10
ずわいがに/水煮缶詰,73,16.3,0.4,0.2,1234,10
たらばがに/生,64,13,0.9,0.2,1235,10
たらばがに/水煮缶詰,90,20.6,0.3,0.1,1236,10
けんさきいか/生,84,17.5,1,0.1,1237,10
こういか/生,75,14.9,1.3,0.1,1238,10
するめいか/生,83,17.9,0.8,0.1,1239,10
ほたるいか/生,84,11.8,3.5,0.2,1240,10
やりいか/生,85,17.6,1,0.4,1241,10
するめ,334,69.2,4.3,0.4,1242,10
いいだこ/生,70,14.6,0.8,0.1,1243,10
まだこ/生,76,16.4,0.7,0.1,1244,10
あみ/つくだ煮,233,19.1,1.8,35.1,1245,10
うに/生うに,120,16,4.8,3.3,1246,10
おきあみ/生,94,15,3.2,0.2,1247,10
しゃこ/ゆで,98,19.2,1.7,0.2,1248,10
なまこ/生,23,4.6,0.3,0.5,1249,10
なまこ/このわた,64,11.4,1.8,0.5,1250,10
かに風味かまぼこ,90,12.1,0.5,9.2,1251,10
蒸しかまぼこ,95,12,0.9,9.7,1252,10
だて巻,196,14.6,7.5,17.6,1253,10
つみれ,113,12,4.3,6.5,1254,10
なると,80,7.6,0.4,11.6,1255,10
はんぺん,94,9.9,1,11.4,1256,10
さつま揚げ,139,12.5,3.7,13.9,1257,10
魚肉ハム,158,13.4,6.7,11.1,1258,10
魚肉ソーセージ,161,11.5,7.2,12.6,1259,10
